Method,Avg Reward,Avg Cost
Fixed-Time,3402.2316289594396,0.06936470820340845
Actuated,3425.4646834542973,0.0679567256032541
