Method,Avg Reward,Avg Cost
Fixed-Time,3595.16814611461,0.048504417501273565
Actuated,3425.4646834542973,0.0679567256032541
